bicycle_id,age_years,mileage_km,equipment_level,is_ebike,brake_wear_pct,chain_wear_pct,months_since_service,price_chf,service_needed
B0001,7.9,9425,4,1,23.5,66.4,17,2984.87,0
B0002,4.7,5505,3,0,77.6,23.1,1,1355.88,0
B0003,8.7,13572,2,0,14.5,39.6,26,774.82,0
B0004,7.1,9903,4,1,60.3,18.2,4,3140.77,0
B0005,1.4,612,4,0,72.2,54.7,30,2064.1,0
B0006,9.8,4599,4,1,72.6,70.6,9,2763.82,1
B0007,7.7,9565,3,0,22.1,36.9,12,1032.74,0
B0008,8.0,8645,5,0,10.5,19.7,5,1348.17,0
B0009,1.7,1299,2,0,45.4,25.4,25,1841.99,0
B0010,4.8,4733,5,1,23.2,78.6,22,3516.13,0
B0011,4.0,5844,2,0,67.9,29.1,3,1111.66,0
B0012,9.3,14482,2,1,37.1,74.7,4,2039.31,0
B0013,6.6,7826,3,1,45.4,34.8,19,2579.87,0
B0014,8.3,7798,3,1,15.2,22.0,26,2737.74,0
B0015,4.7,3661,4,0,56.1,70.5,4,1476.07,1
B0016,2.7,3053,2,1,21.7,47.2,7,3289.58,0
B0017,5.8,4876,5,1,66.1,7.8,17,3169.99,0
B0018,1.1,1309,2,0,11.4,91.4,4,1619.13,0
B0019,8.4,11317,3,0,92.8,18.3,10,1029.53,0
B0020,6.5,3201,5,0,66.6,36.8,1,1299.07,0
B0021,7.7,3092,3,0,21.4,39.6,15,1499.03,0
B0022,3.9,2719,4,1,6.3,49.0,22,3351.38,0
B0023,9.7,16027,5,0,35.1,75.7,13,1023.09,0
B0024,9.0,11743,5,0,18.8,5.5,8,1295.57,0
B0025,7.9,5062,3,0,24.7,88.9,13,1188.34,0
B0026,2.3,3787,3,0,83.5,63.1,16,1677.19,1
B0027,4.9,5184,1,0,59.3,90.6,5,1078.51,0
B0028,0.9,960,3,1,20.9,78.6,4,3639.13,0
B0029,2.0,3420,5,1,55.1,88.5,6,4124.36,1
B0030,7.0,3383,3,0,28.0,59.1,30,1287.53,1
B0031,7.6,5329,2,1,92.9,37.2,22,2911.76,1
B0032,9.7,11835,1,0,7.9,44.9,4,405.64,0
B0033,3.6,2425,2,0,70.9,64.2,10,1000.21,0
B0034,4.0,5405,2,0,74.6,43.4,13,1667.85,1
B0035,5.0,3499,5,1,11.0,70.9,6,3416.65,0
B0036,2.3,1239,3,1,20.5,13.3,26,3673.53,0
B0037,1.7,1173,1,1,39.6,79.7,29,3028.13,0
B0038,5.0,4959,1,0,83.1,23.4,8,1087.23,0
B0039,2.7,1746,5,0,53.3,90.0,1,1967.19,1
B0040,6.9,4061,5,1,64.0,19.0,9,3435.3,0
B0041,4.7,7541,4,0,75.5,16.6,18,1461.7,0
B0042,8.4,7128,1,1,79.5,78.1,25,2492.38,1
B0043,7.2,6516,1,1,47.9,78.7,11,2419.48,0
B0044,3.5,1671,1,0,50.8,71.5,9,1305.84,0
B0045,8.4,7563,4,1,69.6,91.4,8,2465.58,1
B0046,8.1,6243,4,1,28.7,29.3,1,2907.81,0
B0047,4.2,5270,5,0,81.9,79.4,1,1916.8,1
B0048,3.2,2200,1,1,6.9,36.7,13,2890.25,0
B0049,7.0,11506,1,1,22.6,53.4,19,2382.83,0
B0050,1.8,3063,5,0,77.0,45.1,1,2071.25,0
B0051,2.4,1295,5,1,35.6,5.5,7,3841.93,0
B0052,0.6,330,4,0,18.5,56.7,28,2325.72,0
B0053,8.0,4492,1,1,21.8,72.3,30,1915.08,0
B0054,6.8,8618,1,1,52.8,20.7,20,2421.54,0
B0055,7.2,4109,1,1,81.2,88.8,16,2352.63,1
B0056,7.9,12587,4,0,11.4,52.7,18,887.67,0
B0057,4.9,7134,5,1,7.7,21.0,12,3481.06,0
B0058,5.9,9132,4,0,46.9,63.1,7,1566.48,0
B0059,1.8,2046,2,0,91.1,22.3,12,1694.67,1
B0060,1.6,2873,4,0,30.1,10.7,21,1917.49,0
B0061,6.8,3141,1,0,91.3,66.7,20,937.4,1
B0062,5.0,4809,5,0,84.9,15.0,21,1936.98,1
B0063,5.9,5036,5,0,30.5,14.6,19,1672.69,0
B0064,7.8,13479,4,1,78.5,71.6,2,2609.88,1
B0065,6.5,7849,5,0,66.7,10.0,19,1432.69,0
B0066,5.8,8866,3,0,51.1,77.9,27,1293.83,1
B0067,5.8,3703,3,0,43.1,76.7,20,1290.32,0
B0068,3.4,6018,2,0,78.4,17.7,18,1048.15,1
B0069,0.8,878,5,1,76.4,51.7,7,3694.38,0
B0070,4.6,5019,4,0,73.1,13.7,24,1742.16,0
B0071,2.5,4398,1,0,94.8,61.9,14,1052.14,1
B0072,4.4,4105,5,1,48.1,10.7,8,3618.32,0
B0073,8.6,8226,1,1,77.6,90.0,15,2379.37,1
B0074,2.7,3290,3,1,82.6,23.7,4,3069.19,0
B0075,1.1,637,1,1,24.0,66.5,28,3088.27,0
B0076,3.2,2718,4,1,8.8,16.5,22,3463.74,0
B0077,3.3,2213,3,0,41.4,23.9,10,1648.46,0
B0078,6.8,3703,3,1,82.1,45.6,24,3125.96,0
B0079,5.8,9353,4,1,31.0,56.6,2,2809.11,0
B0080,7.9,9678,4,0,68.0,94.9,12,1241.72,1
B0081,6.8,6135,2,0,5.7,7.3,20,1095.62,0
B0082,4.4,4277,5,0,37.0,5.0,1,1820.14,0
B0083,8.2,8234,3,1,60.4,36.5,22,2609.24,0
B0084,2.1,2701,1,1,16.7,38.0,25,3014.79,0
B0085,0.7,1188,1,1,85.7,84.5,18,3179.93,1
B0086,1.4,2388,2,0,19.1,87.1,7,1640.18,0
B0087,7.4,7016,4,0,86.9,84.2,23,1367.55,1
B0088,4.9,4219,3,0,24.5,17.9,11,1191.17,0
B0089,2.0,2063,2,0,94.5,42.1,23,1666.36,1
B0090,5.3,6334,3,1,59.4,72.1,19,3176.5,0
B0091,1.9,1988,5,1,12.6,33.1,3,3893.35,0
B0092,7.1,9388,3,1,10.9,64.7,3,2434.91,0
B0093,4.7,5528,1,1,11.7,26.3,1,2587.01,0
B0094,4.1,3481,1,1,58.1,34.1,3,2761.06,0
B0095,3.4,3006,3,0,77.9,82.4,9,1340.79,1
B0096,6.5,6045,3,0,41.3,27.5,1,1096.33,0
B0097,3.9,2077,5,0,45.0,91.8,29,1713.5,1
B0098,1.3,822,3,0,58.0,32.6,28,1921.15,0
B0099,1.6,2260,4,0,53.0,7.1,6,1990.07,0
B0100,9.6,9069,3,0,66.9,27.9,10,479.69,0
B0101,9.1,6373,2,1,47.5,20.4,23,2447.57,0
B0102,7.1,8433,4,0,69.2,50.6,20,1242.34,1
B0103,3.0,4373,4,1,94.8,15.1,18,3556.76,1
B0104,9.7,7376,4,1,36.5,61.3,30,2666.74,0
B0105,7.9,12304,1,1,6.1,83.7,19,1956.11,0
B0106,7.3,12399,4,1,16.3,37.6,21,2675.78,0
B0107,4.8,5934,2,0,54.8,20.2,16,1009.11,0
B0108,3.1,4143,4,1,36.0,41.0,16,3464.6,0
B0109,1.4,663,4,0,89.6,75.7,9,2053.74,1
B0110,9.1,15686,4,1,61.5,58.2,16,2510.59,1
B0111,4.8,4557,5,0,51.8,14.1,28,1731.09,0
B0112,2.4,4064,3,0,76.8,53.3,12,1546.83,1
B0113,3.4,4116,1,1,28.3,47.1,4,3224.91,0
B0114,6.0,2439,4,1,78.8,34.4,18,3098.1,1
B0115,2.2,999,4,0,5.3,14.9,24,1840.6,0
B0116,8.6,11632,1,1,60.8,93.3,29,2646.93,1
B0117,7.7,9146,1,0,89.1,20.8,17,589.9,0
B0118,7.3,3191,2,1,75.9,22.3,24,2402.37,0
B0119,4.6,6628,5,0,81.8,18.1,8,1915.84,0
B0120,6.5,10355,3,0,40.7,56.3,13,868.04,1
B0121,6.0,6570,5,0,79.2,44.9,13,1796.53,0
B0122,6.7,7049,5,0,54.6,27.5,10,1514.06,0
B0123,1.3,530,3,0,60.7,43.6,22,1741.44,0
B0124,4.5,6756,4,0,10.3,65.6,27,1839.47,0
B0125,0.9,777,2,0,23.1,30.4,10,1733.14,0
B0126,5.2,8477,1,0,54.6,87.4,5,946.83,1
B0127,3.6,3320,2,0,10.3,32.6,25,1376.69,0
B0128,1.9,2263,3,0,71.7,22.8,26,1631.61,0
B0129,1.5,1168,1,1,80.6,90.9,29,3152.5,1
B0130,6.1,3811,2,1,87.8,78.0,8,2963.83,1
B0131,2.1,3118,1,0,14.2,35.9,22,1251.21,0
B0132,9.3,10186,4,1,89.6,80.7,22,3015.22,1
B0133,6.0,6906,5,0,11.1,51.7,24,1775.91,0
B0134,3.8,6656,5,0,47.7,36.2,25,1877.48,0
B0135,6.1,10669,2,1,80.6,80.6,29,2585.7,1
B0136,0.7,1119,3,1,11.3,72.7,15,3584.63,0
B0137,9.6,6361,5,1,6.6,31.8,3,2771.95,0
B0138,5.1,6283,3,0,7.2,59.6,6,1270.8,0
B0139,7.9,12872,2,1,51.0,38.2,27,2343.15,0
B0140,1.3,1202,2,0,78.0,5.1,26,1505.54,0
B0141,5.1,2762,4,0,16.5,91.6,1,1673.42,0
B0142,5.2,7984,3,0,16.2,54.5,12,1230.32,0
B0143,9.4,10100,5,1,56.2,58.9,8,3043.26,0
B0144,5.9,7022,5,0,26.1,59.0,10,1748.2,0
B0145,5.0,8875,1,1,70.7,54.6,20,2508.84,0
B0146,3.0,3750,4,1,90.5,31.1,16,3236.4,1
B0147,3.6,3582,2,1,73.9,92.4,15,3312.87,1
B0148,5.4,4957,3,1,83.9,61.0,14,2972.75,0
B0149,4.7,4628,2,1,51.8,65.4,20,2840.1,1
B0150,0.7,396,2,0,79.9,45.9,21,1599.97,1
B0151,8.3,12555,2,0,21.5,30.9,2,486.94,0
B0152,9.0,14155,1,0,11.2,10.8,5,518.28,0
B0153,1.8,1437,4,0,64.0,36.5,11,2215.38,0
B0154,5.8,4787,1,0,9.7,20.8,14,905.38,0
B0155,1.5,2436,2,0,85.3,64.6,30,1505.07,1
B0156,6.9,2992,1,0,67.2,84.1,27,886.18,1
B0157,3.2,3612,1,0,90.7,32.2,20,1120.92,1
B0158,6.8,7134,2,0,33.2,35.0,2,845.74,0
B0159,7.4,10110,5,1,48.8,65.3,4,3154.56,0
B0160,7.8,4904,5,0,71.8,18.4,14,1432.47,0
B0161,1.5,2003,2,1,26.9,88.6,18,3282.82,1
B0162,9.2,8532,3,1,53.8,37.7,20,2566.8,0
B0163,2.7,3419,5,0,64.4,14.1,5,2149.46,0
B0164,0.9,411,2,1,93.1,20.7,27,3230.73,1
B0165,5.8,6069,5,1,72.0,88.9,15,3494.75,1
B0166,4.0,4525,1,1,15.6,27.2,18,2541.11,0
B0167,8.4,5880,2,0,47.8,64.6,2,662.54,0
B0168,8.2,4883,2,0,58.0,19.1,25,719.3,0
B0169,3.5,2324,1,0,18.2,22.5,17,924.81,0
B0170,9.6,8465,5,1,43.9,84.1,7,3116.87,0
B0171,3.3,1767,5,1,30.6,18.3,10,3559.06,0
B0172,5.4,9322,2,1,15.7,6.7,11,2521.54,0
B0173,2.9,2804,5,1,51.1,50.1,1,3966.35,0
B0174,9.4,14406,4,1,19.9,82.6,29,2452.12,0
B0175,2.1,3705,5,1,58.1,34.3,25,3755.48,0
B0176,0.9,462,5,0,20.3,16.5,27,2118.47,0
B0177,4.6,6037,3,1,70.1,93.4,11,3191.82,1
B0178,9.9,16038,1,0,22.6,65.9,17,250.77,0
B0179,9.0,11591,5,0,85.7,81.6,14,1330.28,1
B0180,7.6,7605,4,0,7.4,72.7,15,1326.61,0
B0181,9.0,9032,5,1,52.0,67.8,18,2987.29,0
B0182,9.0,4052,5,0,33.8,39.6,14,1329.05,0
B0183,5.4,6202,1,0,25.3,34.2,24,674.25,0
B0184,3.5,6268,3,0,47.4,69.5,2,1671.64,0
B0185,7.8,13589,1,0,80.8,69.5,6,508.99,1
B0186,6.8,3105,1,0,87.4,90.6,27,656.06,1
B0187,4.0,5552,5,1,32.3,56.2,27,3560.61,0
B0188,1.4,1151,5,1,18.9,31.5,25,3878.45,0
B0189,7.6,12648,5,0,69.8,49.1,12,1095.48,0
B0190,3.0,1389,5,0,57.4,60.2,14,2105.31,0
B0191,9.4,16076,4,0,23.1,43.4,1,729.93,0
B0192,2.8,4403,3,0,73.4,76.2,9,1390.45,1
B0193,1.7,960,5,0,51.7,57.6,22,1943.46,0
B0194,8.4,4064,3,1,63.8,5.8,11,2458.6,0
B0195,2.0,3137,4,1,37.3,56.3,15,3529.03,0
B0196,2.2,1360,2,0,44.5,62.0,4,1474.88,0
B0197,6.2,7123,4,0,21.2,87.4,15,1219.76,0
B0198,8.8,14802,5,0,73.1,42.2,22,1237.07,1
B0199,2.4,2867,4,0,19.1,56.7,18,1854.19,0
B0200,3.4,3251,3,1,75.0,47.7,17,3343.31,1
B0201,7.9,8082,1,1,76.8,52.8,28,2194.12,1
B0202,9.7,4737,1,1,72.2,11.1,8,2014.71,0
B0203,5.3,9308,4,1,6.7,85.8,9,3117.8,0
B0204,1.9,1586,4,1,29.6,86.9,19,3424.64,1
B0205,0.6,399,4,1,47.2,54.3,15,3908.13,0
B0206,2.7,2161,5,0,58.6,55.1,30,1909.98,0
B0207,1.8,3150,3,0,87.7,10.2,2,1859.78,0
B0208,6.9,3671,5,0,38.8,58.8,4,1573.45,0
B0209,1.7,2744,4,0,83.8,43.6,11,2127.44,0
B0210,5.3,7372,2,0,19.7,68.8,14,813.27,0
B0211,7.1,11090,5,0,38.4,9.2,27,1270.8,0
B0212,6.0,10598,1,1,9.7,69.0,15,2400.63,0
B0213,2.4,3790,3,1,71.8,30.8,14,3528.99,0
B0214,8.1,13938,5,0,18.6,63.7,6,1512.35,0
B0215,7.3,4217,4,0,28.1,61.4,14,1367.44,0
B0216,7.5,11356,5,1,74.8,25.4,16,3377.61,0
B0217,1.7,1979,1,0,53.1,44.6,18,1246.99,0
B0218,1.7,1974,3,0,6.3,80.2,19,1937.06,0
B0219,9.3,15424,4,0,5.2,59.5,13,664.19,0
B0220,4.3,7570,4,0,51.0,11.2,5,1620.04,0
B0221,3.4,4715,5,0,32.4,44.9,5,1514.05,0
B0222,5.1,5488,3,1,21.2,33.1,5,2808.97,0
B0223,6.8,7065,4,1,60.2,62.7,19,3106.05,1
B0224,9.6,9032,3,1,25.6,60.3,26,2240.8,0
B0225,3.2,2900,5,0,58.3,5.9,27,2085.85,0
B0226,9.3,8817,1,1,39.1,59.7,10,2235.15,0
B0227,0.7,368,2,1,21.8,71.1,3,3272.22,0
B0228,5.8,2949,1,0,17.4,74.2,19,706.12,0
B0229,6.5,9697,4,1,26.3,10.3,2,2886.24,0
B0230,1.5,1537,2,0,7.7,32.3,19,1377.54,0
B0231,1.8,3065,2,0,32.7,42.9,12,1458.83,0
B0232,4.5,5657,5,0,86.2,21.2,26,1821.17,0
B0233,9.7,4358,2,0,79.8,42.9,19,632.68,1
B0234,6.2,3847,1,0,38.5,11.4,23,1116.97,0
B0235,9.4,6469,1,0,56.8,15.2,13,303.44,0
B0236,8.1,14305,2,0,56.1,65.2,26,791.81,1
B0237,4.9,3460,5,1,79.6,28.6,16,3343.28,0
B0238,8.0,8976,3,0,26.3,69.0,19,943.82,0
B0239,0.7,1197,5,0,31.7,9.3,11,2510.55,0
B0240,1.5,2652,2,0,32.2,55.6,14,1721.58,0
B0241,8.4,6140,2,1,8.7,40.2,26,2382.15,0
B0242,8.1,3797,1,0,33.3,76.7,12,736.5,0
B0243,2.7,1661,2,1,84.0,75.6,1,3209.48,1
B0244,5.5,2688,3,0,87.1,38.8,12,1259.67,1
B0245,6.3,4241,5,0,14.9,61.0,12,1785.14,0
B0246,8.7,10405,2,0,46.2,25.5,13,936.6,0
B0247,6.2,10400,4,0,39.3,57.2,3,1363.91,0
B0248,4.4,5069,4,1,49.0,12.3,4,3411.87,0
B0249,4.1,5233,2,1,54.9,44.1,10,3014.5,1
B0250,4.5,3072,5,0,6.8,21.4,13,1617.36,0
B0251,6.7,10189,3,1,80.8,84.5,1,2800.67,1
B0252,8.7,11005,1,0,92.6,45.0,12,180.33,1
B0253,4.8,7727,5,0,63.8,58.2,10,1606.01,1
B0254,2.9,5012,5,0,64.4,37.4,2,2363.29,0
B0255,2.7,2395,1,0,52.5,31.0,8,1146.06,0
B0256,7.6,4004,5,1,35.1,23.3,9,3124.65,0
B0257,8.3,5945,5,0,18.4,87.1,5,1640.61,0
B0258,1.5,1519,5,0,57.6,77.0,23,2041.35,1
B0259,1.1,1896,2,0,9.0,17.0,3,1498.08,0
B0260,6.1,5671,4,0,79.2,72.2,18,1655.2,1
B0261,1.9,2810,3,0,42.9,42.7,20,1702.9,0
B0262,8.3,9600,4,1,42.3,6.4,25,2522.41,0
B0263,3.4,2230,4,0,34.4,52.6,17,1888.02,0
B0264,1.9,1613,4,0,92.2,16.7,17,1879.75,0
B0265,9.2,12093,3,0,20.7,23.9,23,1000.38,0
B0266,2.1,2818,4,0,18.6,67.6,26,1786.85,0
B0267,3.2,3228,3,0,19.9,28.1,7,1748.38,0
B0268,2.0,1440,1,1,64.3,85.3,24,3306.43,1
B0269,1.6,2257,1,1,94.3,64.1,14,2847.12,1
B0270,0.7,445,5,0,26.2,79.9,3,2285.37,0
B0271,1.0,1711,5,1,86.5,60.4,19,4023.62,1
B0272,2.2,1459,3,0,30.1,83.2,30,1552.91,0
B0273,1.0,550,1,1,63.3,37.6,5,3157.15,0
B0274,6.1,6690,4,1,8.6,54.4,1,3059.31,0
B0275,7.0,7892,1,1,49.6,51.4,28,2274.13,0
B0276,4.2,4668,2,1,63.9,86.3,18,2909.77,1
B0277,3.5,3540,2,0,53.3,19.8,7,1314.13,0
B0278,5.3,9502,1,0,26.4,57.0,24,760.94,0
B0279,8.8,9511,5,0,79.6,72.9,12,1170.88,1
B0280,8.6,9194,3,0,92.3,38.3,10,767.25,1
B0281,0.9,891,2,1,46.3,83.1,9,3306.42,0
B0282,2.2,1086,3,0,62.2,38.6,18,1710.36,0
B0283,2.7,3321,1,0,76.1,20.6,5,1084.88,0
B0284,2.9,2086,3,0,26.7,57.6,11,1680.23,0
B0285,5.9,7627,3,0,82.8,42.9,10,844.03,0
B0286,4.5,2120,2,1,30.2,6.4,2,2817.42,0
B0287,1.0,1774,5,1,74.8,11.3,23,3901.39,0
B0288,4.0,4226,2,0,15.1,22.6,1,1079.12,0
B0289,5.5,9105,1,0,31.0,74.2,29,1017.61,1
B0290,1.5,1599,3,0,53.0,85.3,3,1772.93,1
B0291,8.4,4069,5,0,52.2,54.1,11,1511.75,0
B0292,1.0,1551,2,1,81.5,14.5,3,3211.49,0
B0293,9.3,12159,1,0,94.7,53.1,12,268.89,1
B0294,1.4,2092,5,0,14.6,82.0,19,1985.49,0
B0295,8.5,8495,3,0,29.4,72.5,3,867.08,0
B0296,9.1,11767,1,1,37.2,31.2,16,1833.83,0
B0297,9.8,15667,4,1,48.1,16.2,24,2429.06,0
B0298,8.1,10396,2,0,49.5,86.1,14,197.84,1
B0299,7.9,7005,5,0,82.1,81.9,4,1236.31,1
B0300,6.6,8762,2,0,74.4,9.8,21,1113.65,0
B0301,7.9,10591,3,1,6.7,79.1,6,2741.24,0
B0302,1.8,3141,3,0,46.0,13.7,1,1932.2,0
B0303,5.6,5148,2,0,60.6,10.7,14,1303.35,0
B0304,5.4,5374,3,1,46.4,73.3,9,3106.92,0
B0305,8.6,13218,1,1,16.8,53.3,1,1924.94,0
B0306,4.9,5430,4,0,40.8,42.3,24,1364.89,0
B0307,4.2,6011,4,0,42.0,86.3,18,1807.08,0
B0308,6.6,6888,5,0,21.9,80.5,28,1577.98,0
B0309,3.0,2105,2,0,73.1,10.2,15,1840.77,0
B0310,1.8,2598,2,0,33.9,60.4,14,1425.34,0
B0311,5.0,2918,3,1,58.0,74.5,26,3452.58,1
B0312,4.5,3051,4,1,51.4,54.5,3,3332.75,0
B0313,2.7,3449,5,0,84.0,93.5,11,2280.52,1
B0314,4.0,5785,1,1,16.0,66.7,24,2971.85,0
B0315,4.0,6610,2,0,15.3,14.4,9,977.57,0
B0316,3.6,2814,2,0,32.0,22.8,27,1226.28,0
B0317,4.1,2276,2,1,43.8,79.4,9,2796.28,0
B0318,7.0,12169,3,0,31.9,94.7,13,708.54,0
B0319,3.3,2033,5,0,73.7,13.9,27,2145.58,0
B0320,9.5,6429,1,0,27.1,14.0,8,389.24,0
B0321,9.2,7432,5,0,12.6,73.7,30,1312.47,0
B0322,5.1,5820,4,0,42.2,10.8,2,1621.02,0
B0323,3.6,5889,4,1,74.6,11.2,8,3027.0,0
B0324,5.6,8203,4,1,81.6,85.0,18,3333.53,1
B0325,8.6,11966,1,1,71.0,77.0,18,1981.18,1
B0326,6.7,4323,4,1,55.2,84.3,28,3209.64,1
B0327,8.1,7296,2,0,70.2,63.5,29,863.35,1
B0328,5.6,5991,3,1,66.3,34.0,21,3195.01,0
B0329,6.5,3942,4,0,26.1,86.6,20,1425.37,0
B0330,3.2,2505,4,0,54.6,31.9,10,1418.6,0
B0331,7.5,6237,2,1,74.4,29.8,25,2550.67,0
B0332,2.4,1388,2,0,33.5,84.8,20,1506.49,0
B0333,7.1,8309,3,0,63.9,66.3,1,850.06,0
B0334,8.7,12067,1,0,48.3,85.6,25,358.04,1
B0335,1.8,896,4,0,50.3,19.0,11,1917.14,0
B0336,6.3,6764,1,0,13.1,90.7,15,476.88,0
B0337,1.4,2093,3,0,65.0,60.1,15,1885.08,1
B0338,7.4,10709,4,1,82.9,65.1,25,2754.26,1
B0339,1.3,2003,1,0,17.7,87.3,9,1263.26,0
B0340,9.4,9659,5,0,37.9,39.3,12,1133.97,0
B0341,1.8,2788,2,0,9.4,69.8,2,1707.75,0
B0342,9.6,7076,1,1,7.7,62.6,11,2088.36,0
B0343,8.1,7332,4,0,94.1,75.9,3,1204.78,1
B0344,6.1,3946,3,0,49.4,85.7,18,1182.81,0
B0345,7.9,8330,4,0,37.0,66.2,27,1262.92,0
B0346,8.1,7686,4,1,29.7,11.1,14,3122.8,0
B0347,9.5,7004,3,1,93.2,21.5,28,2663.99,1
B0348,2.9,4212,5,0,27.7,90.9,30,2121.78,1
B0349,6.1,5120,2,1,70.3,92.2,2,2816.02,1
B0350,1.4,1095,3,0,30.5,92.1,16,1545.71,0
B0351,6.4,3733,1,0,11.3,8.3,16,642.31,0
B0352,2.1,2130,4,0,66.5,39.4,12,1879.7,0
B0353,5.9,4862,2,0,5.1,73.4,25,902.98,0
B0354,5.9,5410,4,0,65.8,72.8,12,1265.58,0
B0355,4.9,3579,5,0,27.5,12.7,2,1490.14,0
B0356,5.5,8076,5,0,72.1,59.9,17,1392.84,1
B0357,7.8,13276,5,0,74.3,17.9,7,1214.55,0
B0358,8.1,8887,1,0,70.2,49.4,11,471.39,0
B0359,5.2,6761,1,1,7.2,26.6,16,2380.42,0
B0360,6.2,10007,5,1,68.3,9.8,22,3225.0,0
B0361,9.3,16725,2,0,94.1,12.2,9,276.66,0
B0362,1.6,2014,1,0,26.8,87.0,12,1503.88,0
B0363,1.6,2633,2,0,29.7,72.0,3,1479.92,0
B0364,1.3,2174,5,0,78.2,88.9,12,2336.62,1
B0365,6.7,10104,2,0,19.4,47.3,18,836.96,0
B0366,4.5,4704,1,0,64.5,42.2,19,699.01,0
B0367,7.9,4058,4,1,73.0,37.3,9,2991.44,0
B0368,6.9,2913,1,1,8.3,60.5,2,2254.7,0
B0369,3.7,3952,2,0,54.8,36.6,18,1250.48,0
B0370,9.0,9828,1,0,56.8,72.2,20,236.04,0
B0371,7.7,7471,4,1,32.3,77.1,3,2993.12,0
B0372,3.1,3706,3,0,83.9,83.8,16,1312.7,1
B0373,4.0,4692,5,1,19.6,26.9,3,3581.89,0
B0374,3.5,5499,2,0,37.8,52.4,14,1345.56,0
B0375,2.0,1104,2,0,81.4,25.1,20,1680.25,0
B0376,1.9,1359,1,0,22.2,8.4,22,1161.18,0
B0377,9.4,14196,2,0,78.9,68.7,22,424.32,1
B0378,4.7,7459,3,1,12.1,54.4,23,3022.88,0
B0379,4.1,7350,1,0,49.0,70.2,8,1188.48,0
B0380,7.4,12003,3,1,11.8,12.9,26,2330.27,0
B0381,5.8,9546,5,0,66.0,94.6,11,1398.62,1
B0382,9.4,7897,4,1,76.2,94.5,12,3254.89,1
B0383,7.9,7602,4,1,81.5,46.8,24,2852.28,1
B0384,5.1,3954,5,0,93.3,82.9,10,1456.5,1
B0385,4.1,5120,4,0,65.5,26.9,3,1532.04,0
B0386,9.9,16972,4,1,74.2,71.4,22,1931.94,1
B0387,7.3,6442,5,0,50.5,84.1,20,1556.61,0
B0388,9.5,11208,1,1,87.1,78.3,18,2127.02,0
B0389,1.6,1304,5,0,62.9,78.1,5,2044.78,1
B0390,8.6,5484,2,0,84.5,46.7,19,673.75,0
B0391,6.6,4444,4,0,26.2,78.8,6,1585.94,0
B0392,1.7,818,5,1,49.7,67.2,17,3598.92,0
B0393,6.1,10547,3,1,70.7,16.9,16,2526.21,0
B0394,7.0,6748,1,0,23.2,15.3,24,611.5,0
B0395,0.6,941,2,1,24.0,74.5,30,3219.35,0
B0396,4.8,6499,3,1,93.0,61.3,6,2956.13,0
B0397,8.3,5550,5,0,44.1,51.7,4,1217.52,0
B0398,3.3,2131,5,0,21.4,86.7,17,2061.15,0
B0399,4.9,7530,3,1,34.8,64.4,29,2941.74,0
B0400,4.7,3622,5,1,40.8,40.7,5,3643.69,0
B0401,3.4,5707,3,0,61.1,42.3,15,1501.86,0
B0402,9.2,5484,3,1,88.1,59.5,13,2658.68,1
B0403,7.9,10655,5,0,93.8,73.4,10,1069.51,1
B0404,1.6,2464,4,1,63.7,55.8,20,3742.75,1
B0405,10.0,7294,3,1,68.0,50.8,9,2431.62,0
B0406,8.9,7002,3,1,34.0,70.4,15,2574.45,1
B0407,3.2,5601,4,0,82.1,68.5,26,1896.66,1
B0408,8.5,6549,4,0,24.6,79.7,12,1046.53,0
B0409,1.5,1503,3,0,14.6,10.6,1,2015.62,0
B0410,10.0,10055,1,0,92.6,72.9,27,528.36,1
B0411,6.8,5129,1,1,82.8,51.2,9,2555.63,1
B0412,6.7,9957,1,0,32.3,11.7,24,408.28,0
B0413,1.4,2073,3,0,65.8,66.1,23,1371.28,1
B0414,9.0,8367,4,0,47.0,69.5,16,1268.18,0
B0415,0.8,1255,5,0,34.1,52.1,3,2306.4,0
B0416,2.8,1955,2,0,30.8,76.4,29,1281.21,0
B0417,1.9,771,4,1,17.2,32.0,21,3887.61,0
B0418,7.9,9477,4,1,54.4,23.2,13,2690.11,0
B0419,2.4,4300,1,0,45.2,36.6,26,1086.65,0
B0420,9.2,4178,2,1,51.1,41.9,24,2535.14,0
B0421,6.7,4631,2,1,24.4,67.6,23,2464.12,0
B0422,0.8,901,5,0,89.5,81.1,6,2277.26,1
B0423,0.6,920,5,1,62.5,69.9,19,4211.44,0
B0424,1.0,525,5,0,86.0,20.7,9,2327.25,0
B0425,6.3,6006,3,0,14.8,38.0,3,1405.86,0
B0426,8.1,11712,3,0,61.1,19.3,11,1043.19,0
B0427,2.8,2576,2,0,81.5,66.8,4,1398.11,1
B0428,8.6,5714,4,1,34.8,27.3,4,2470.97,0
B0429,1.0,674,1,1,22.6,52.3,22,2905.74,0
B0430,8.1,7890,2,1,28.9,76.3,16,2571.2,0
B0431,9.3,9962,1,0,29.6,65.4,12,58.59,0
B0432,7.8,12531,3,0,45.2,31.9,6,784.27,0
B0433,7.1,9224,2,1,34.3,35.0,24,2549.71,0
B0434,8.5,11616,1,0,29.4,63.8,20,628.54,0
B0435,0.9,1599,2,0,63.4,54.5,18,1503.03,0
B0436,2.4,2344,5,0,9.8,13.7,6,1985.85,0
B0437,1.7,1640,3,0,35.6,83.7,4,1739.86,0
B0438,5.3,8971,5,0,67.1,51.1,4,1690.53,0
B0439,7.6,5656,5,0,20.8,47.6,1,1480.56,0
B0440,6.5,9241,5,0,24.9,22.9,30,1694.14,0
B0441,8.6,12525,2,0,23.1,38.9,12,403.4,0
B0442,2.0,1074,5,0,5.1,35.0,20,2199.41,0
B0443,7.5,7916,5,0,47.6,29.4,30,1530.16,0
B0444,2.3,1566,5,0,8.5,56.1,29,2062.48,0
B0445,3.1,2045,2,1,29.6,46.6,10,3235.3,0
B0446,7.2,7555,2,0,94.5,85.0,15,856.16,1
B0447,9.8,7891,3,1,87.7,89.7,14,2634.26,1
B0448,6.3,9541,5,1,24.4,24.8,2,3250.21,0
B0449,1.0,1671,5,0,32.9,14.0,24,2322.62,0
B0450,6.4,9752,3,1,46.7,75.7,18,2645.61,1
B0451,0.9,695,1,1,81.0,94.5,12,3000.11,1
B0452,8.9,6976,3,0,77.2,82.7,17,1125.61,1
B0453,7.2,5448,4,0,16.4,7.1,23,1446.95,0
B0454,2.1,1237,3,0,16.2,27.6,1,1539.26,0
B0455,1.4,2410,2,1,42.5,8.9,20,3267.26,0
B0456,2.2,2118,2,1,83.3,78.9,26,2740.18,1
B0457,9.8,7003,1,1,84.4,57.3,22,1975.6,1
B0458,4.9,7768,2,1,14.7,51.2,19,2914.44,0
B0459,7.9,7575,4,0,56.7,54.9,3,1179.72,0
B0460,6.5,2920,2,1,19.0,27.7,23,2756.12,0
B0461,5.9,3698,5,0,66.8,59.1,23,1185.61,1
B0462,1.9,2460,1,1,87.5,7.8,15,2895.09,0
B0463,9.5,14213,3,0,45.9,63.1,18,692.0,0
B0464,3.4,2364,3,0,12.5,71.1,19,1649.83,0
B0465,6.0,10106,5,1,57.1,65.6,4,3400.04,0
B0466,7.1,11299,5,1,41.8,34.9,8,3048.68,0
B0467,6.7,10638,3,1,78.0,79.4,24,2674.54,1
B0468,9.4,6756,4,0,35.6,69.4,30,844.54,0
B0469,1.9,894,4,0,83.7,16.5,9,1935.87,0
B0470,5.3,8556,3,1,29.6,22.6,13,2672.74,0
B0471,4.3,3561,1,0,19.2,62.3,28,672.05,0
B0472,5.0,6332,3,0,32.6,31.0,5,1099.71,0
B0473,1.6,2342,2,0,8.1,15.7,8,1789.3,0
B0474,1.8,1043,3,0,30.3,18.9,2,1709.01,0
B0475,3.1,4629,4,0,64.4,19.9,8,1786.21,0
B0476,3.4,5827,2,0,17.8,48.0,20,1149.76,0
B0477,4.6,6531,2,1,15.0,59.7,11,2484.77,0
B0478,6.3,6412,5,1,16.9,20.9,30,3477.64,0
B0479,6.5,10578,2,1,12.0,69.1,27,2114.16,0
B0480,4.4,5009,1,0,83.7,30.3,27,851.87,1
B0481,4.4,6348,4,0,90.0,33.0,22,1561.73,0
B0482,2.6,4027,4,1,9.2,25.1,22,3553.68,0
B0483,6.1,8839,5,1,73.4,75.7,16,3124.57,1
B0484,3.5,2810,4,0,71.3,91.4,30,1432.37,1
B0485,0.8,452,5,1,94.7,49.3,3,3866.24,1
B0486,4.5,3302,3,1,36.3,8.8,22,2998.66,0
B0487,5.0,5520,2,1,30.7,28.5,5,2660.24,0
B0488,2.6,2879,5,1,45.8,19.2,11,3941.24,0
B0489,5.9,7173,2,0,82.1,80.8,8,745.86,1
B0490,5.9,5624,2,0,70.6,12.6,19,1064.96,0
B0491,7.2,10812,5,0,47.4,92.0,24,1420.13,1
B0492,6.7,11245,5,0,27.0,58.0,3,1599.03,0
B0493,6.7,4994,2,1,70.4,51.6,19,2629.72,1
B0494,3.5,5009,4,1,81.9,81.3,7,3539.63,1
B0495,8.0,10793,5,0,41.0,7.5,3,1285.21,0
B0496,5.7,6454,4,1,65.2,74.9,13,3223.07,0
B0497,4.6,3054,1,1,41.0,15.5,18,2420.85,0
B0498,6.4,9685,4,1,48.1,80.7,7,2506.56,0
B0499,3.9,6805,1,0,52.2,52.6,12,1013.31,0
B0500,5.4,7617,5,1,74.8,10.5,29,3436.1,0
B0501,7.5,12638,1,0,93.0,80.0,11,513.95,1
B0502,8.9,15823,5,0,45.0,7.5,30,985.32,0
B0503,9.3,8304,1,0,35.8,17.5,26,655.53,0
B0504,5.3,6856,3,1,38.6,76.8,12,2868.04,1
B0505,5.4,5743,2,1,17.1,46.8,18,2830.47,0
B0506,8.1,14428,5,0,31.7,84.3,22,1304.69,0
B0507,3.5,1860,2,0,12.8,62.2,14,1661.07,0
B0508,8.5,8307,4,1,43.5,61.1,13,2766.22,0
B0509,5.2,8454,1,1,20.1,31.3,10,2354.81,0
B0510,1.6,1276,3,0,36.2,17.0,5,1500.05,0
B0511,1.2,1803,5,1,76.4,91.5,1,4211.34,1
B0512,8.5,7955,5,1,27.1,14.4,11,3129.7,0
B0513,1.0,1772,2,1,60.1,52.6,24,3373.39,0
B0514,3.2,5238,2,1,86.1,29.5,8,3539.87,0
B0515,3.7,3041,3,1,56.0,28.8,6,3275.78,0
B0516,2.1,3104,3,1,22.4,58.5,10,3132.96,0
B0517,3.5,3051,3,1,36.0,76.8,18,3200.71,0
B0518,7.6,9492,1,0,58.1,74.9,7,337.78,0
B0519,0.6,793,4,0,50.6,83.2,7,2027.95,0
B0520,8.4,13116,2,1,18.4,31.4,4,2176.05,0
B0521,8.6,3734,2,0,45.2,46.9,10,705.32,0
B0522,4.0,2833,5,1,53.9,5.8,7,3384.22,0
B0523,2.0,2793,4,0,29.1,72.2,25,2192.86,0
B0524,6.2,7371,2,0,60.1,32.2,28,983.66,0
B0525,1.6,1750,5,0,11.3,55.5,12,2154.92,0
B0526,4.0,1909,2,0,35.3,20.2,3,1439.1,0
B0527,9.6,8521,3,0,77.4,78.7,3,877.16,1
B0528,10.0,16111,2,0,28.3,78.6,10,356.29,0
B0529,7.8,3457,1,1,59.5,84.0,14,2498.59,1
B0530,3.5,3343,3,0,41.9,9.1,16,1551.32,0
B0531,7.0,12062,3,0,33.5,94.3,10,1053.78,0
B0532,7.2,3393,5,0,87.5,27.3,11,1749.77,0
B0533,4.2,6088,2,0,35.9,32.8,9,1187.65,0
B0534,6.6,5020,5,0,26.3,27.4,16,1582.73,0
B0535,0.6,968,4,1,86.8,29.1,21,4069.43,0
B0536,2.5,3611,1,1,72.1,54.7,2,2788.15,0
B0537,5.5,9020,4,0,66.4,26.6,15,1457.34,0
B0538,2.1,1475,3,0,9.5,40.4,20,1790.75,0
B0539,2.1,2402,2,0,16.8,64.0,21,1358.72,0
B0540,8.4,12524,3,0,62.5,80.2,17,640.87,1
B0541,9.9,7365,2,1,23.8,67.3,16,2214.86,0
B0542,5.8,4194,4,0,25.3,58.5,21,1414.58,0
B0543,8.5,3723,3,1,75.1,18.3,12,2478.35,0
B0544,9.9,17245,3,0,30.7,78.5,18,384.88,0
B0545,1.8,2509,2,0,11.4,8.4,10,1541.65,0
B0546,4.8,6191,2,0,8.3,28.8,14,1326.14,0
B0547,4.2,6055,3,0,44.9,10.1,4,1479.14,0
B0548,1.3,1488,3,1,60.5,65.1,11,3023.94,0
B0549,7.7,8213,2,0,83.2,38.2,5,877.54,1
B0550,4.6,4735,3,1,15.0,63.7,7,2980.48,0
B0551,5.0,6483,2,1,22.7,36.2,13,2852.06,0
B0552,1.9,1296,3,0,52.7,46.0,16,1738.08,0
B0553,2.2,3615,1,0,37.8,46.2,29,1167.87,0
B0554,9.1,13982,3,0,48.4,9.1,1,657.64,0
B0555,0.9,800,4,0,88.2,43.7,27,2066.46,1
B0556,2.7,3267,5,1,54.0,62.7,10,3987.48,0
B0557,3.3,1972,4,0,42.4,54.1,22,1803.8,0
B0558,5.2,9159,4,1,94.0,11.8,21,3306.63,0
B0559,6.1,10151,1,1,10.9,65.1,30,2505.15,0
B0560,5.2,8791,2,0,88.9,32.8,4,1102.34,1
B0561,1.3,1125,4,1,50.1,6.3,30,3401.16,0
B0562,2.8,1783,5,0,50.3,19.0,2,2281.5,0
B0563,8.5,5920,3,1,88.0,49.8,27,2592.48,1
B0564,6.6,3472,5,0,50.7,32.9,20,1797.67,0
B0565,6.7,3807,2,1,44.5,67.5,15,2514.23,0
B0566,6.9,3449,1,1,29.5,26.7,12,2247.72,0
B0567,7.7,13750,1,1,64.3,74.6,3,2431.75,1
B0568,1.1,554,3,0,56.3,30.8,25,1666.62,0
B0569,4.0,2342,4,1,24.3,60.9,22,3636.04,0
B0570,5.6,8726,2,0,68.8,76.9,29,967.54,1
B0571,3.7,4486,4,1,63.0,39.7,22,3318.3,0
B0572,8.5,12616,4,0,40.8,9.2,29,985.95,0
B0573,5.1,6545,2,0,5.4,53.2,27,824.95,0
B0574,7.8,12753,2,0,45.2,94.6,13,613.93,1
B0575,8.6,11127,4,0,5.5,92.2,22,834.3,1
B0576,5.3,5994,4,0,11.7,24.9,8,1425.5,0
B0577,9.1,12720,1,1,43.8,73.0,24,2140.45,1
B0578,6.1,6261,2,0,12.4,36.0,19,1018.42,0
B0579,8.6,7607,3,1,29.8,19.4,14,2348.0,0
B0580,3.7,3902,3,0,64.0,64.9,19,1644.71,1
B0581,5.2,3316,1,1,32.8,50.1,9,2625.24,0
B0582,5.5,8334,5,1,94.8,53.5,19,3229.89,1
B0583,1.5,1147,2,0,87.5,79.5,15,1697.49,1
B0584,4.3,2644,2,1,57.7,35.3,10,2922.08,0
B0585,9.2,6853,1,1,92.0,65.0,30,1930.59,1
B0586,6.5,10263,5,1,83.1,38.0,2,3507.22,0
B0587,2.2,1897,2,0,33.7,8.8,23,1470.98,0
B0588,3.7,5034,5,0,72.5,39.0,7,1882.83,0
B0589,2.3,3678,3,1,17.3,90.5,7,3258.24,0
B0590,0.7,356,5,0,66.6,48.5,5,2535.21,0
B0591,9.3,13681,1,1,49.2,14.7,4,1831.59,0
B0592,4.8,3988,1,0,6.5,66.9,4,666.26,0
B0593,3.4,2391,5,1,29.7,91.7,25,3583.11,1
B0594,6.2,8460,5,0,91.0,86.7,28,1796.02,1
B0595,0.6,1004,3,0,33.4,56.5,18,2022.66,0
B0596,3.1,2520,1,1,21.3,38.9,1,2804.0,0
B0597,7.2,8614,5,1,21.9,57.3,26,3404.77,0
B0598,6.5,5237,2,1,48.1,78.4,19,2800.02,1
B0599,9.8,11525,5,1,80.8,82.5,16,2775.26,1
B0600,6.4,8132,5,0,73.2,78.7,29,1518.18,1
B0601,5.0,6272,5,0,44.3,46.0,13,1796.12,0
B0602,7.7,9802,4,0,23.8,15.7,11,1004.7,0
B0603,9.1,5361,4,0,9.1,56.2,24,1155.48,0
B0604,7.3,10008,3,0,46.6,19.1,16,1021.79,0
B0605,9.7,13043,1,1,78.3,10.5,22,1603.56,0
B0606,7.9,10709,2,0,70.7,49.9,21,634.15,1
B0607,8.7,4382,4,0,41.8,64.0,26,1167.49,0
B0608,1.6,1641,5,0,58.5,81.9,10,2383.82,0
B0609,7.5,7295,3,0,44.3,75.5,3,696.64,0
B0610,4.7,2451,4,0,57.1,82.2,15,1591.3,0
B0611,5.8,4126,1,1,51.6,73.4,20,2458.5,0
B0612,6.7,6816,3,0,66.3,68.3,25,1291.83,1
B0613,9.7,13969,3,1,50.7,5.9,9,2311.59,0
B0614,9.9,7246,5,1,89.7,61.3,23,3265.42,1
B0615,3.2,4997,2,1,43.5,15.8,25,3105.29,0
B0616,7.5,8731,2,1,6.4,10.3,25,2391.73,0
B0617,7.6,11131,2,0,26.3,19.1,25,727.21,0
B0618,3.8,4034,1,0,50.1,79.1,30,974.25,1
B0619,1.7,1868,3,0,53.7,71.9,20,1897.15,1
B0620,0.9,1141,4,1,54.7,90.4,12,3520.47,1
B0621,7.9,13423,5,1,69.3,93.1,14,2798.54,1
B0622,5.2,5660,5,0,29.7,85.4,23,1818.22,0
B0623,9.9,11287,1,0,64.8,17.0,8,461.53,0
B0624,4.9,6090,2,1,68.4,84.1,19,2395.45,1
B0625,9.8,14039,2,1,42.0,80.5,18,2335.23,1
B0626,4.4,2203,2,0,41.2,83.4,20,1230.69,0
B0627,8.0,8976,5,1,21.1,18.7,13,2731.62,0
B0628,1.3,1396,1,1,42.3,15.5,23,2514.31,0
B0629,5.8,9804,1,1,75.8,88.1,3,2099.59,0
B0630,8.1,8836,5,0,86.8,20.6,23,1361.87,1
B0631,9.3,9818,5,0,58.4,38.2,25,1210.1,0
B0632,8.3,14501,2,1,31.9,46.0,27,2330.45,0
B0633,0.9,928,2,0,66.4,16.2,28,1527.75,0
B0634,4.0,2613,3,0,71.6,6.9,11,1302.16,1
B0635,1.0,704,3,0,34.9,94.5,2,1769.52,0
B0636,1.5,800,5,0,79.4,83.9,20,2239.55,1
B0637,6.9,2765,3,1,11.6,87.1,3,2963.09,0
B0638,7.3,7334,1,0,6.0,30.6,9,464.43,0
B0639,7.9,11668,3,1,16.1,24.8,22,2721.72,0
B0640,8.7,12414,3,0,19.0,43.3,18,649.23,0
B0641,7.5,3338,3,0,84.1,45.8,19,990.81,1
B0642,8.1,9704,3,0,43.2,5.5,23,801.75,0
B0643,1.0,616,5,1,29.7,75.1,5,4179.99,0
B0644,2.7,4637,5,0,43.6,94.7,24,1980.49,1
B0645,6.4,4060,2,0,40.5,52.6,18,885.19,0
B0646,8.7,11112,2,1,32.1,39.9,13,2446.84,0
B0647,0.5,428,4,0,17.4,40.3,14,2505.35,0
B0648,5.4,7010,3,0,64.0,13.6,16,1274.44,0
B0649,6.9,6742,3,0,17.3,29.0,17,1324.33,0
B0650,0.8,1171,1,1,74.8,50.2,11,3295.36,1
B0651,4.3,3109,2,0,23.2,43.9,7,1129.21,0
B0652,9.0,15013,4,0,70.8,54.1,6,879.4,0
B0653,6.9,7592,5,0,77.5,81.4,11,1285.88,1
B0654,2.8,4084,4,0,16.3,25.3,8,1754.59,0
B0655,8.6,13671,2,0,12.8,7.5,16,400.16,0
B0656,3.8,6834,1,0,90.5,8.4,28,881.46,0
B0657,8.6,6136,1,0,46.7,17.1,4,383.94,0
B0658,3.3,2645,2,0,61.7,56.3,10,1295.47,0
B0659,6.1,4579,3,1,7.1,77.7,2,3038.93,0
B0660,4.3,3302,5,0,30.1,84.8,30,1870.93,0
B0661,3.1,3768,5,0,50.5,62.2,22,1656.87,0
B0662,8.9,15939,1,1,84.8,41.3,8,1762.03,0
B0663,2.3,4109,4,1,29.4,18.9,13,3264.74,0
B0664,1.3,1479,2,1,74.8,41.1,22,3316.06,1
B0665,3.7,4790,1,0,64.6,34.9,29,1115.4,0
B0666,7.3,11709,3,0,15.4,83.3,18,961.41,0
B0667,8.2,13990,1,0,31.4,48.8,9,179.57,0
B0668,10.0,6854,2,0,26.4,25.4,21,628.81,0
B0669,3.3,3762,3,0,44.8,31.0,21,1449.02,0
B0670,4.4,6890,2,0,62.2,17.3,20,910.42,0
B0671,1.8,1484,3,0,44.0,87.7,2,1878.03,0
B0672,6.0,6094,3,1,27.0,9.5,22,3054.42,0
B0673,10.0,17799,4,0,67.6,6.2,1,866.83,0
B0674,7.2,12809,1,0,57.6,21.5,28,342.23,0
B0675,6.2,10345,1,1,51.7,78.0,27,2532.94,1
B0676,4.2,6375,3,1,54.9,52.1,17,2980.91,1
B0677,9.2,7146,2,0,25.0,61.3,20,769.25,0
B0678,5.2,4416,4,0,66.2,37.2,3,1461.56,0
B0679,1.8,2099,1,0,39.9,11.2,27,1245.71,0
B0680,4.0,4740,3,0,37.7,82.1,9,1001.99,0
B0681,1.1,1218,5,1,18.5,22.3,8,3904.62,0
B0682,2.4,3099,1,0,58.7,8.0,22,1215.43,0
B0683,0.7,680,2,0,59.2,56.5,29,1579.29,1
B0684,4.8,6954,5,0,35.6,12.5,15,2051.49,0
B0685,6.5,5635,3,0,82.4,13.6,16,964.21,0
B0686,3.8,3279,1,0,81.1,77.0,17,959.19,1
B0687,4.5,2602,2,0,14.8,49.2,9,1071.56,0
B0688,9.6,6376,4,1,67.6,26.7,18,2675.24,0
B0689,7.6,12090,5,1,40.4,36.4,29,3200.95,0
B0690,5.6,5739,2,0,95.0,70.6,12,1301.88,1
B0691,3.2,2301,3,0,25.3,11.0,24,1460.83,0
B0692,9.0,13168,4,1,30.2,15.5,24,2499.82,0
B0693,2.7,3174,1,0,44.8,60.5,26,960.0,0
B0694,3.6,1547,2,0,29.2,59.6,22,1586.72,0
B0695,9.1,7670,4,1,67.3,92.5,28,2987.18,1
B0696,5.5,3563,1,0,48.3,38.7,22,871.53,0
B0697,7.6,10018,4,0,24.9,10.9,30,906.16,0
B0698,6.1,4789,3,0,50.6,53.4,22,1001.63,1
B0699,6.7,3289,5,0,85.0,62.5,26,1695.54,1
B0700,3.3,1574,1,0,76.3,17.6,27,1258.16,0
B0701,2.8,3400,5,1,49.9,54.8,30,3360.09,1
B0702,3.6,1549,2,0,31.0,22.8,18,1293.69,0
B0703,2.0,3177,1,0,21.2,81.0,22,1525.98,0
B0704,8.8,5434,4,1,84.1,80.2,30,2841.83,1
B0705,3.2,3997,3,0,68.9,43.7,12,1804.22,0
B0706,5.8,5931,5,0,56.5,92.0,4,1787.9,0
B0707,8.0,8160,1,0,84.1,93.2,27,320.03,1
B0708,7.9,3954,1,1,16.0,16.6,19,2298.2,0
B0709,4.7,7162,3,0,66.4,38.1,13,1275.48,0
B0710,5.0,8251,5,1,24.5,59.0,22,3206.02,0
B0711,9.9,4113,3,1,15.9,12.6,1,2421.53,0
B0712,6.9,4485,4,1,46.9,39.4,15,3361.17,0
B0713,8.2,13657,5,1,39.9,28.5,8,2735.37,0
B0714,9.1,10641,5,1,89.7,90.7,9,3110.39,1
B0715,8.0,4880,3,1,34.2,42.0,30,2675.03,0
B0716,2.3,1573,4,1,78.3,73.6,17,3609.69,1
B0717,5.8,7679,3,1,72.4,39.8,5,2979.76,0
B0718,1.5,2122,4,1,65.1,16.9,11,3566.1,0
B0719,6.7,8303,3,1,87.8,82.7,8,2876.63,1
B0720,9.6,16650,3,0,41.7,5.0,28,180.14,0
B0721,5.4,5895,3,1,40.1,10.0,9,3049.3,0
B0722,4.6,3774,4,0,19.5,37.8,11,1185.44,0
B0723,0.8,855,4,1,29.8,66.8,11,3737.52,0
B0724,9.6,8674,5,0,84.2,35.8,6,1381.54,0
B0725,1.5,1071,4,1,47.7,11.0,24,3817.38,0
B0726,0.9,418,1,1,35.7,33.6,18,2888.25,0
B0727,2.8,2501,3,1,24.5,27.0,14,3108.43,0
B0728,1.1,1536,2,0,48.6,5.5,12,1465.46,0
B0729,4.8,2044,1,1,69.5,53.1,21,2736.2,1
B0730,5.4,5480,1,1,30.8,15.5,3,2176.85,0
B0731,3.5,4556,3,1,73.2,30.9,28,3188.44,0
B0732,1.0,1255,5,1,61.7,62.7,17,4023.41,1
B0733,1.6,2380,3,0,75.9,70.3,7,1685.65,1
B0734,4.2,6446,3,0,27.6,28.7,17,1462.18,0
B0735,1.1,1536,1,0,61.8,34.6,26,1409.69,0
B0736,7.1,3862,4,1,18.8,27.2,6,2992.14,0
B0737,2.5,2663,1,0,37.7,91.1,16,854.1,0
B0738,3.4,4232,5,1,70.2,22.1,18,3674.05,0
B0739,4.2,3124,5,1,61.9,21.5,25,3435.73,0
B0740,4.5,2068,5,0,21.9,45.1,18,1806.36,0
B0741,0.5,357,2,0,82.3,22.0,23,1768.03,0
B0742,1.6,1659,1,0,9.8,19.1,24,1573.35,0
B0743,8.7,8522,2,1,58.6,13.6,27,2350.99,0
B0744,0.5,324,4,0,93.5,62.6,11,2222.51,1
B0745,5.3,8237,2,0,52.8,60.1,22,729.38,0
B0746,5.2,8819,5,1,77.1,63.5,8,3385.62,1
B0747,3.7,2523,1,0,58.6,74.6,26,1082.03,1
B0748,4.6,7826,1,1,75.5,34.4,29,2769.48,0
B0749,7.9,3358,2,0,64.0,87.7,9,791.48,1
B0750,8.5,14407,4,0,67.2,71.0,17,896.8,1
B0751,3.0,5198,4,0,25.5,77.4,25,1929.65,1
B0752,3.6,1501,2,0,71.8,69.9,1,1336.4,1
B0753,2.8,4111,4,0,26.4,37.3,22,1591.08,0
B0754,5.1,8967,4,1,93.3,30.5,25,3585.78,1
B0755,7.0,11678,3,0,25.5,43.0,27,750.51,0
B0756,2.7,4749,3,0,26.3,13.7,6,1549.38,0
B0757,3.6,4214,1,0,82.3,45.6,23,1113.98,1
B0758,9.3,4738,2,0,26.9,8.9,24,762.53,0
B0759,1.0,1590,3,1,37.5,5.4,1,3483.15,0
B0760,4.9,6171,1,0,69.3,88.8,22,836.11,0
B0761,7.3,9203,3,1,19.3,67.0,19,2648.12,0
B0762,1.9,1870,1,0,19.3,55.6,30,1082.53,1
B0763,1.0,1201,4,0,48.8,35.7,2,2436.01,0
B0764,1.8,1107,1,0,26.9,56.3,29,1276.19,0
B0765,9.2,13208,1,0,26.2,85.2,18,357.21,0
B0766,0.6,303,4,1,5.8,63.7,9,3753.67,0
B0767,2.3,3270,2,0,38.3,59.2,12,1359.54,0
B0768,0.8,1271,2,0,33.6,46.4,23,1543.89,0
B0769,1.6,1698,2,1,7.8,36.1,30,2958.09,0
B0770,6.4,7128,2,1,60.9,67.9,10,2589.25,0
B0771,2.8,2344,4,1,61.4,93.3,30,3470.42,1
B0772,5.9,10368,4,1,11.4,43.2,19,3219.33,0
B0773,6.1,8701,2,1,33.5,40.3,6,2384.06,0
B0774,8.6,7883,4,1,83.6,43.5,18,2722.62,1
B0775,0.5,322,4,1,57.4,43.3,25,3661.12,0
B0776,8.6,6084,3,0,42.1,94.2,2,1220.14,0
B0777,6.4,6717,3,1,46.9,68.6,3,2694.0,0
B0778,2.0,3439,5,0,23.7,37.3,1,2208.04,0
B0779,7.8,11137,3,1,78.1,38.4,18,2759.52,0
B0780,8.6,6032,2,1,87.3,43.8,2,2415.74,0
B0781,2.9,4650,3,0,87.0,8.3,28,1297.17,0
B0782,9.2,8551,5,1,25.2,52.5,4,2723.92,0
B0783,4.8,7644,4,1,33.0,78.0,3,3349.44,0
B0784,6.2,4578,1,0,19.5,64.5,8,566.75,0
B0785,9.9,12535,3,0,32.6,22.9,23,714.01,0
B0786,3.9,6620,4,1,35.0,70.5,28,3331.48,0
B0787,8.2,6241,2,1,62.0,69.8,8,2541.65,1
B0788,3.5,4795,5,0,22.1,28.6,16,2008.54,0
B0789,8.1,14436,5,0,87.7,61.1,24,1029.36,1
B0790,6.2,3787,5,1,14.3,60.0,24,3221.79,0
B0791,2.6,1362,1,0,5.6,80.6,5,1360.83,0
B0792,4.4,5913,3,0,81.9,17.2,26,1251.33,0
B0793,3.5,3065,3,0,68.3,22.5,27,1040.52,1
B0794,1.2,600,4,0,37.0,48.7,23,2164.78,1
B0795,0.8,852,5,0,58.6,9.0,16,2111.91,0
B0796,3.8,5530,2,1,25.1,42.4,12,2997.18,0
B0797,0.7,559,3,1,20.2,75.9,27,3827.44,1
B0798,2.1,1825,4,1,47.4,18.4,26,3628.77,0
B0799,7.4,11721,4,0,36.8,46.4,16,1304.61,0
B0800,7.2,8122,4,0,60.4,94.1,23,1280.02,1
B0801,7.5,11849,2,0,24.6,50.5,12,957.77,0
B0802,3.5,3587,5,0,64.7,49.8,23,1768.71,1
B0803,9.0,15607,1,0,74.0,55.3,3,195.31,1
B0804,6.1,7998,3,0,20.0,21.7,28,1261.73,0
B0805,1.7,956,4,0,8.9,18.2,16,1955.55,0
B0806,1.9,3114,1,0,44.6,66.0,18,1453.48,0
B0807,7.1,7703,3,1,74.7,40.6,6,2676.64,0
B0808,2.1,1256,3,1,63.6,31.1,16,3795.31,0
B0809,5.3,3253,4,1,68.2,7.8,1,3660.91,0
B0810,9.9,13489,1,1,41.3,81.1,27,1925.6,0
B0811,0.5,233,2,0,26.1,7.9,23,1784.98,0
B0812,0.7,561,2,0,52.9,72.5,14,1871.17,0
B0813,9.9,5897,4,0,23.4,39.4,26,848.89,0
B0814,6.1,6207,2,0,70.4,58.9,25,738.13,1
B0815,1.7,1666,3,0,22.7,27.3,4,1974.68,0
B0816,9.0,10176,4,0,31.2,19.0,2,1069.04,0
B0817,8.9,7044,4,0,50.6,53.0,8,1082.41,0
B0818,5.6,2491,1,0,48.8,67.6,1,915.27,0
B0819,6.4,8065,5,1,59.1,22.6,18,2820.56,0
B0820,3.1,2862,1,1,44.4,44.3,16,2805.34,0
B0821,1.0,1312,1,1,87.8,45.0,17,2950.09,1
B0822,6.1,3368,1,1,80.6,24.4,3,2704.71,0
B0823,3.3,1384,2,0,84.1,55.9,28,1564.09,1
B0824,6.8,5084,5,0,61.7,18.1,30,1705.28,0
B0825,8.4,8729,2,1,62.2,50.9,18,2451.31,0
B0826,0.7,666,4,0,59.8,15.2,1,1824.0,0
B0827,6.2,9513,3,0,44.1,48.7,12,1191.93,0
B0828,2.7,2508,1,0,34.0,33.0,22,1301.55,0
B0829,8.8,10055,3,1,58.3,45.7,23,2746.48,0
B0830,2.9,3570,1,1,7.3,44.0,8,3218.68,0
B0831,6.3,2713,3,0,5.7,86.7,25,975.45,0
B0832,5.8,6503,3,1,81.6,49.1,30,2843.98,1
B0833,4.3,3796,3,0,9.2,78.7,16,1304.01,0
B0834,6.9,6830,2,0,52.2,25.3,12,910.65,0
B0835,7.4,3999,4,0,60.3,36.7,16,1359.44,0
B0836,5.9,8826,3,0,22.8,11.8,1,1092.59,0
B0837,7.7,13239,2,1,85.6,42.9,16,2496.3,0
B0838,9.8,4226,3,0,22.1,65.2,1,703.97,0
B0839,4.5,5589,1,1,84.6,80.4,2,2437.43,1
B0840,5.4,7935,5,0,73.7,55.9,17,1464.59,0
B0841,0.6,479,4,1,26.7,62.6,16,3743.77,0
B0842,8.1,12171,2,1,18.6,21.0,30,2084.22,0
B0843,5.4,6941,4,1,33.5,8.3,16,3150.03,0
B0844,4.4,7484,4,1,40.8,76.3,30,3207.69,0
B0845,1.4,2483,4,1,27.1,20.0,25,3530.94,0
B0846,9.0,4134,1,0,94.9,13.2,11,698.26,1
B0847,4.3,4399,5,1,25.7,89.4,28,3548.82,0
B0848,7.0,8160,5,1,79.8,91.7,15,3381.48,1
B0849,1.9,1150,5,0,19.3,60.5,18,2149.89,0
B0850,9.6,8360,5,0,93.2,39.1,4,1232.84,1
B0851,2.2,3922,5,0,25.3,80.0,7,1972.04,0
B0852,2.4,1015,4,0,43.0,23.4,16,1920.28,0
B0853,8.7,8992,1,0,55.3,43.6,9,551.94,0
B0854,9.2,14533,3,0,15.8,37.1,18,575.97,0
B0855,2.5,2134,2,1,78.5,87.1,3,3231.79,1
B0856,5.0,5359,2,0,29.7,87.8,8,957.94,1
B0857,7.5,13269,5,1,54.4,63.6,20,3126.06,1
B0858,8.8,9370,5,0,54.5,15.0,19,1178.52,0
B0859,4.1,2391,3,1,59.2,48.4,30,3352.07,0
B0860,5.4,2551,4,0,10.0,27.1,27,1601.45,0
B0861,7.5,12927,1,0,20.2,84.6,25,693.46,0
B0862,7.4,5714,2,0,19.5,17.5,1,657.85,0
B0863,7.9,8735,5,1,32.2,9.9,19,2821.74,0
B0864,5.9,3109,3,0,18.0,68.4,7,1195.31,0
B0865,1.5,1490,3,1,88.0,45.8,9,3223.57,1
B0866,9.1,15490,3,0,51.2,80.5,7,381.91,0
B0867,8.7,9599,2,0,61.1,11.7,14,737.41,0
B0868,8.1,14253,5,0,37.2,77.1,4,1202.16,0
B0869,1.4,1067,4,1,29.9,8.4,16,3628.65,0
B0870,2.4,2655,4,0,50.3,7.5,5,1802.7,0
B0871,7.6,12185,2,0,31.5,46.5,16,544.95,0
B0872,0.7,719,4,0,35.9,24.9,19,2389.0,0
B0873,9.8,7755,5,0,45.7,58.4,6,1103.96,0
B0874,4.1,6550,4,0,50.5,7.3,4,1356.02,0
B0875,7.3,6905,3,1,93.6,8.2,25,2902.64,0
B0876,8.9,10173,2,0,25.1,70.4,23,550.47,0
B0877,4.2,7422,3,0,48.9,23.9,8,1705.32,0
B0878,3.5,2314,2,1,18.5,64.1,27,2943.36,0
B0879,6.3,5178,4,0,36.5,72.5,7,1578.44,0
B0880,6.0,2661,1,0,69.6,10.3,28,1064.97,0
B0881,4.4,4174,1,1,20.7,74.3,4,2582.94,0
B0882,6.2,4218,4,1,57.3,29.2,20,3030.73,0
B0883,9.4,12709,2,1,42.5,40.1,1,2299.18,0
B0884,4.9,3204,3,0,9.6,12.8,6,1501.86,0
B0885,2.4,3227,3,1,89.0,80.5,13,3081.28,1
B0886,4.1,3152,3,0,42.2,55.5,3,1272.82,0
B0887,4.2,3769,4,1,75.6,50.4,14,2911.37,0
B0888,1.7,1510,2,1,42.5,92.2,7,3340.37,0
B0889,2.0,2807,4,1,89.4,35.1,3,3558.66,0
B0890,7.0,7372,2,0,31.1,85.2,29,824.65,1
B0891,3.7,3352,2,0,42.1,69.8,30,983.48,0
B0892,9.6,15299,3,1,73.3,88.6,29,2091.37,1
B0893,2.8,3362,5,0,35.9,86.7,5,1947.11,0
B0894,1.4,979,2,0,37.8,94.2,12,1456.61,0
B0895,7.7,12783,3,1,94.5,16.9,10,2566.22,0
B0896,8.9,7829,1,1,55.0,76.6,10,2244.65,0
B0897,3.1,1409,1,0,67.0,77.4,13,1591.76,1
B0898,2.4,2622,4,0,62.9,63.0,16,1869.74,0
B0899,2.3,1319,4,0,79.5,30.1,15,2122.7,0
B0900,5.5,4036,2,0,82.6,91.9,9,947.02,1
B0901,4.9,7085,4,0,55.7,23.4,30,1200.46,0
B0902,3.0,1749,2,1,31.5,50.0,30,3039.12,0
B0903,0.9,1377,2,1,7.1,51.9,10,3025.6,0
B0904,5.1,8730,3,0,60.3,19.6,7,1216.24,0
B0905,9.6,11992,2,0,79.3,70.0,16,327.76,1
B0906,6.7,9343,5,1,45.5,13.0,12,2831.44,0
B0907,5.2,7275,3,1,19.8,67.4,30,3260.23,0
B0908,1.6,2864,2,1,30.9,81.4,13,3105.32,0
B0909,2.9,2547,3,0,50.9,36.4,2,1313.32,0
B0910,3.3,2072,4,1,80.3,68.8,4,3666.01,1
B0911,7.8,8789,2,0,20.5,19.1,3,604.18,0
B0912,8.8,10090,5,0,60.1,81.1,12,1457.53,0
B0913,9.1,5907,3,1,72.8,90.7,10,2486.28,1
B0914,9.9,12458,4,0,89.2,18.7,26,768.4,1
B0915,9.8,4114,5,0,15.5,67.3,27,1407.65,0
B0916,9.6,16308,3,0,88.4,50.5,5,665.54,1
B0917,1.2,924,1,0,59.1,52.8,29,1516.61,0
B0918,1.8,820,4,0,74.0,68.6,18,1968.25,1
B0919,3.4,1875,1,1,9.8,49.0,10,2935.9,0
B0920,5.8,4271,3,0,50.6,59.0,13,1415.08,0
B0921,1.4,1097,5,0,61.0,25.8,14,2270.19,0
B0922,8.5,3790,3,1,32.6,39.1,6,2713.12,0
B0923,6.4,5063,4,0,43.8,82.9,27,1159.96,1
B0924,5.7,3820,3,1,54.9,14.9,1,3111.75,0
B0925,2.1,1953,2,0,54.7,58.8,3,1489.5,0
B0926,2.9,2724,2,0,8.8,21.6,9,1308.33,0
B0927,2.0,1749,3,0,44.6,81.2,5,1947.53,0
B0928,8.6,7388,1,1,24.2,57.1,2,1924.35,0
B0929,6.1,3206,3,0,87.5,41.3,12,1580.25,1
B0930,7.5,3265,3,1,92.9,27.5,12,2845.54,1
B0931,3.3,2254,5,0,32.0,44.3,4,2076.03,0
B0932,4.0,5837,1,0,20.8,91.2,25,893.78,0
B0933,4.3,7685,5,0,24.8,50.8,27,1460.88,0
B0934,7.7,13090,3,0,48.0,47.3,22,810.67,0
B0935,7.8,8626,4,0,83.7,72.2,16,1240.47,1
B0936,2.5,2861,3,0,50.0,39.1,29,1758.39,0
B0937,9.4,7900,2,0,10.0,43.5,11,574.35,0
B0938,1.6,2374,5,1,8.6,35.3,13,3482.12,0
B0939,9.0,13236,2,0,25.5,18.6,1,210.42,0
B0940,1.5,2373,1,0,80.8,69.2,22,1675.67,1
B0941,3.0,4961,4,0,60.9,83.6,3,1549.51,0
B0942,8.5,8569,4,0,55.7,86.5,20,1372.3,1
B0943,2.2,3242,5,0,33.7,84.3,24,1925.6,1
B0944,4.4,6727,3,1,88.6,45.7,7,3007.35,0
B0945,4.8,3993,1,0,34.8,30.6,19,1056.75,0
B0946,2.8,4763,1,1,80.1,62.4,10,2663.47,0
B0947,7.2,3831,3,0,85.6,90.9,12,1447.67,1
B0948,8.6,15411,2,0,48.5,70.4,16,474.3,0
B0949,8.8,13008,5,1,85.5,49.5,8,2956.71,0
B0950,3.7,1963,1,0,29.9,67.0,24,1061.44,1
B0951,5.5,7253,5,0,64.3,74.5,12,1778.48,1
B0952,2.9,1299,2,1,12.9,87.7,14,3409.71,0
B0953,2.8,4139,1,1,47.7,73.7,25,2806.2,0
B0954,2.0,3038,2,1,24.6,44.0,7,3470.21,0
B0955,9.4,11688,1,0,10.6,29.6,14,166.27,0
B0956,8.9,14236,3,0,5.3,50.0,30,824.96,0
B0957,7.9,4243,2,1,34.2,34.5,12,2650.25,0
B0958,5.4,4246,3,1,58.1,89.8,4,2827.28,1
B0959,5.2,5095,3,0,46.0,50.7,9,1351.64,0
B0960,5.5,2527,1,0,32.2,47.5,29,923.02,0
B0961,5.6,5754,1,0,94.2,36.3,23,661.81,1
B0962,4.6,3548,1,0,89.6,62.5,25,1041.0,1
B0963,1.8,1710,1,1,16.3,51.8,8,3024.03,0
B0964,1.7,1692,1,0,42.4,16.6,26,1294.67,0
B0965,9.5,15496,2,0,63.4,83.2,12,360.28,1
B0966,5.1,3970,3,0,71.0,37.3,24,1340.2,0
B0967,9.6,15852,2,0,38.0,43.9,27,286.25,0
B0968,2.1,2092,2,0,72.2,23.5,7,1502.91,0
B0969,5.8,4982,3,0,16.2,54.8,29,1143.64,0
B0970,2.5,2759,3,0,34.9,68.2,19,2117.96,0
B0971,2.9,2856,2,1,69.5,84.3,22,2825.14,1
B0972,0.8,608,2,0,61.3,9.6,23,1540.51,0
B0973,1.6,1766,3,0,80.3,92.6,6,1663.99,1
B0974,9.2,5635,1,0,9.2,68.3,23,844.24,0
B0975,3.6,3214,3,0,20.7,30.6,7,1283.96,0
B0976,6.3,7510,5,0,9.4,23.4,9,1652.87,0
B0977,4.9,4796,2,0,22.3,31.6,4,1175.33,0
B0978,4.3,6680,1,0,5.4,83.8,6,971.15,0
B0979,5.6,4253,4,0,50.4,31.2,30,1742.95,0
B0980,2.3,4043,1,1,52.5,46.7,10,3099.06,0
B0981,9.9,14836,1,0,64.2,68.5,12,53.25,0
B0982,8.3,14563,1,0,39.6,83.5,15,329.53,0
B0983,7.5,11800,5,0,5.3,64.3,22,997.96,0
B0984,5.0,2995,5,0,65.7,72.8,18,1852.99,1
B0985,2.0,2274,3,0,9.9,20.6,17,1558.86,0
B0986,9.2,5869,4,0,83.0,84.0,26,1096.38,1
B0987,3.7,5718,4,0,7.0,29.8,15,1353.59,0
B0988,1.0,1218,4,0,52.7,16.6,24,2121.34,0
B0989,3.8,2922,3,1,85.5,92.9,28,2905.96,1
B0990,8.0,13612,5,1,56.5,23.1,21,2958.33,0
B0991,6.4,3592,4,1,59.8,17.3,2,2943.47,0
B0992,7.6,9039,1,0,66.3,61.3,8,373.89,0
B0993,8.0,11276,2,0,16.0,33.7,19,849.57,0
B0994,2.5,1206,5,0,65.7,17.0,15,2232.15,0
B0995,9.3,11504,3,0,84.2,59.1,9,938.24,1
B0996,4.7,7249,2,0,92.7,73.3,11,1356.78,0
B0997,6.6,3264,5,0,44.9,76.4,3,1535.97,0
B0998,0.5,559,4,0,36.0,19.0,8,2385.54,0
B0999,9.9,7544,3,0,72.8,55.1,24,529.39,1
B1000,3.2,4250,3,0,53.9,78.2,1,1662.8,0
B1001,1.1,623,1,1,28.2,19.5,26,3008.01,0
B1002,4.9,8388,2,0,20.5,23.7,11,855.41,0
B1003,1.7,2809,3,1,20.3,5.2,25,3524.83,0
B1004,1.9,1255,5,0,46.3,52.2,8,2351.94,0
B1005,6.5,5542,2,0,20.3,22.5,25,1120.99,0
B1006,4.2,5135,1,0,6.8,70.2,18,1005.62,0
B1007,9.3,13069,3,0,9.7,91.6,26,708.18,0
B1008,3.5,3569,5,0,88.7,23.8,2,2055.27,0
B1009,7.4,4579,3,0,11.6,63.4,24,1174.31,0
B1010,4.9,2674,2,1,11.6,24.1,9,2991.72,0
B1011,6.8,12238,4,0,45.6,6.6,11,1203.58,0
B1012,6.2,6432,4,0,27.1,73.3,2,1549.74,0
B1013,5.0,8108,2,1,91.6,44.1,29,2428.86,1
B1014,9.5,10216,5,0,87.0,90.2,20,1167.39,1
B1015,3.8,6427,3,0,41.4,53.1,30,1157.1,0
B1016,2.2,1150,1,0,45.4,19.2,18,1326.31,0
B1017,6.9,3861,3,0,38.8,45.5,5,1484.22,0
B1018,8.5,14463,5,0,8.4,23.3,11,1073.27,0
B1019,0.9,1554,2,0,31.4,84.0,14,1630.79,0
B1020,4.8,4035,3,1,16.0,67.2,5,3219.12,0
B1021,9.0,8075,4,0,14.2,35.7,28,710.56,0
B1022,7.6,7854,4,0,55.5,52.5,29,1128.4,0
B1023,9.9,9728,5,0,13.9,65.3,17,1233.27,0
B1024,5.5,3663,1,1,14.3,75.5,18,2066.15,0
B1025,6.8,11273,3,1,48.2,12.2,22,2499.98,0
B1026,3.4,2566,3,1,44.8,7.0,21,3458.17,0
B1027,9.5,13180,1,1,17.4,15.3,2,2102.64,0
B1028,4.0,1976,4,1,5.4,40.5,16,3508.1,0
B1029,7.5,3407,1,0,22.4,47.0,24,864.09,0
B1030,4.3,5655,3,1,26.2,17.3,25,3120.57,0
B1031,5.8,5073,2,0,77.0,42.0,18,1136.78,0
B1032,7.3,9619,1,0,87.4,44.7,27,481.11,1
B1033,5.3,2818,5,1,41.5,14.8,18,3532.81,0
B1034,9.1,15741,2,0,41.5,87.5,12,289.44,0
B1035,4.5,6516,2,0,69.1,58.9,14,1344.45,1
B1036,6.6,10737,5,0,61.4,40.0,21,1724.77,1
B1037,3.8,2246,5,0,21.6,50.6,27,2220.0,0
B1038,4.4,3732,1,1,14.7,33.3,7,2616.58,0
B1039,4.7,4304,2,0,44.4,81.9,9,992.7,0
B1040,1.7,1958,4,1,55.8,56.8,20,3889.62,0
B1041,1.4,1142,4,0,17.5,49.5,23,2110.64,0
B1042,6.8,3297,5,1,31.4,87.0,12,3414.24,0
B1043,6.7,6140,3,0,32.5,80.4,20,1025.25,0
B1044,6.8,5143,1,1,28.5,78.2,1,2496.33,0
B1045,0.7,658,5,0,46.5,25.3,9,2118.41,0
B1046,3.6,2433,1,0,63.8,18.8,29,1219.14,0
B1047,2.4,1840,1,0,50.8,67.1,18,1485.0,0
B1048,7.9,10094,4,0,23.1,47.2,27,1420.27,0
B1049,8.7,8208,4,0,14.3,66.5,7,1234.79,0
B1050,2.8,2474,1,1,79.0,73.5,9,2631.02,1
B1051,6.8,7803,1,1,48.1,31.6,30,2375.43,0
B1052,1.7,2517,3,1,10.6,30.6,30,3808.13,0
B1053,3.1,2884,2,0,28.2,49.2,27,1202.63,0
B1054,1.8,2201,4,0,77.4,29.6,10,1932.32,0
B1055,3.2,5609,3,1,72.7,65.1,25,3442.16,1
B1056,6.9,7802,3,1,83.8,72.2,14,2881.52,1
B1057,9.1,15231,3,0,59.2,47.5,26,1085.0,1
B1058,2.4,3627,2,1,43.1,70.1,26,2971.27,0
B1059,5.6,2700,2,0,43.4,50.9,14,948.84,1
B1060,7.2,7205,4,1,22.5,69.2,10,3200.19,0
B1061,9.6,13225,3,1,63.6,25.2,30,2135.99,0
B1062,6.3,11223,3,1,57.7,71.5,14,2689.39,0
B1063,2.9,3021,3,0,18.9,69.4,13,1582.05,0
B1064,6.4,3391,2,0,84.7,29.0,20,1216.75,0
B1065,3.5,4154,5,0,38.2,55.0,29,2053.45,1
B1066,9.8,5656,3,1,9.5,82.0,4,2641.59,0
B1067,4.3,6244,4,0,34.5,27.5,30,1511.74,0
B1068,7.0,7775,5,1,83.3,71.2,13,3420.45,0
B1069,0.7,989,5,1,87.5,90.9,1,4728.48,1
B1070,4.3,6954,4,0,49.1,83.0,10,1687.31,0
B1071,8.8,11269,4,0,91.1,41.1,14,1023.87,1
B1072,6.3,7922,3,1,83.8,59.6,21,2590.22,1
B1073,4.7,6845,4,0,79.3,94.3,17,1413.4,1
B1074,9.4,14847,2,0,82.4,56.2,5,363.12,1
B1075,8.6,13903,4,0,39.4,15.4,15,849.68,0
B1076,3.6,1624,1,0,73.1,9.1,7,1126.39,0
B1077,5.7,6718,5,1,57.0,76.1,9,3677.0,1
B1078,5.2,3654,2,0,69.8,43.1,22,1360.87,0
B1079,6.5,10429,4,0,21.0,27.2,25,1221.04,0
B1080,3.7,4839,1,0,70.8,36.3,5,805.84,0
B1081,2.8,2767,1,0,91.2,73.2,19,1411.72,1
B1082,9.2,6103,5,0,32.2,46.9,13,1334.08,0
B1083,9.3,8134,5,1,93.8,83.2,11,2661.71,1
B1084,8.5,11775,2,0,39.1,71.1,22,707.49,0
B1085,9.8,6724,1,0,23.0,92.7,8,571.9,0
B1086,7.6,4036,5,1,15.1,85.0,23,2820.26,0
B1087,7.8,12817,5,0,75.6,27.9,13,1126.07,0
B1088,7.7,11318,1,1,54.9,64.3,3,2129.08,0
B1089,5.1,3467,4,0,32.6,6.8,24,1723.7,0
B1090,4.8,3884,2,0,59.8,94.2,26,1074.65,1
B1091,2.8,4931,4,0,34.9,28.5,17,1616.28,0
B1092,6.6,9184,3,1,45.4,64.8,22,2888.37,1
B1093,3.2,4015,1,1,82.6,81.4,5,2711.25,1
B1094,2.9,2409,2,0,65.1,19.4,11,1489.8,0
B1095,6.1,4995,3,0,73.6,81.3,11,1030.58,1
B1096,4.4,2003,4,0,57.5,6.1,23,1458.49,0
B1097,2.6,3692,1,0,94.2,44.8,11,1298.19,0
B1098,8.3,3822,5,1,26.7,47.5,22,3242.29,0
B1099,8.7,3539,4,1,28.6,38.7,10,3113.37,0
B1100,2.1,2985,5,1,13.3,57.8,19,3715.08,0
B1101,0.6,1037,5,0,54.9,87.3,7,2168.77,1
B1102,3.7,5399,1,1,60.2,34.4,17,2951.46,0
B1103,8.1,8588,1,0,70.3,57.1,3,218.73,0
B1104,8.5,9184,4,0,35.2,84.0,23,1322.24,0
B1105,1.8,1819,1,1,6.1,74.6,1,3232.12,0
B1106,7.9,6751,1,0,61.9,8.7,30,721.79,0
B1107,1.6,1809,3,1,94.9,89.9,26,3329.92,1
B1108,4.2,4215,5,1,31.5,9.2,18,3427.58,0
B1109,10.0,12374,4,1,21.6,58.0,28,2520.97,0
B1110,2.3,3812,3,0,30.4,56.8,25,1394.03,0
B1111,2.0,3586,1,0,43.3,75.8,5,1049.32,0
B1112,4.5,2296,2,1,27.6,18.4,23,3059.67,0
B1113,6.4,6007,4,1,36.2,21.1,12,3208.67,0
B1114,9.4,6138,1,0,62.4,72.7,26,253.94,1
B1115,9.8,8751,3,1,36.1,18.5,26,2588.17,0
B1116,1.2,963,1,0,40.6,47.3,29,1458.88,0
B1117,1.8,1160,2,0,8.6,70.8,14,1805.98,0
B1118,8.0,11758,2,1,87.6,63.6,6,2429.7,0
B1119,3.1,3394,4,0,41.6,24.0,4,1974.22,0
B1120,8.9,15014,5,0,34.5,32.4,5,1189.95,0
B1121,6.8,3030,1,1,12.8,92.2,30,2659.49,0
B1122,1.6,790,4,1,62.1,45.4,18,3472.62,0
B1123,8.4,8102,4,1,82.7,9.0,11,2817.03,0
B1124,2.2,1127,5,0,8.7,24.8,14,2150.17,0
B1125,4.5,3455,5,1,18.1,35.8,6,3524.98,0
B1126,5.7,10149,1,0,18.2,95.0,18,753.93,0
B1127,5.3,3670,4,0,59.2,32.2,13,1680.59,0
B1128,7.0,4742,3,0,87.9,7.4,24,1223.35,0
B1129,6.7,8061,1,1,44.4,51.2,1,2309.82,0
B1130,9.9,10862,2,1,35.9,12.5,28,2041.21,0
B1131,10.0,12126,5,1,73.9,29.7,2,2983.71,0
B1132,5.4,5008,3,1,71.8,94.3,13,3059.71,1
B1133,1.4,2180,2,0,27.2,68.4,11,1358.25,0
B1134,7.4,4396,2,0,19.5,9.6,22,870.26,0
B1135,9.8,9798,5,0,37.2,45.4,20,861.27,0
B1136,3.5,4780,2,0,74.8,20.4,6,1270.47,0
B1137,4.9,7916,1,0,67.6,16.1,15,781.31,0
B1138,4.5,4128,3,1,64.9,57.8,17,3005.26,0
B1139,1.0,1195,5,1,79.6,50.5,14,4254.38,1
B1140,6.9,3428,1,1,29.9,71.9,1,2253.55,0
B1141,3.9,2490,2,0,35.6,85.3,6,1421.95,0
B1142,8.0,3974,3,0,8.8,27.2,16,1474.39,0
B1143,8.4,11920,1,0,83.2,88.1,8,558.31,1
B1144,8.3,6667,4,0,57.4,51.6,17,1185.81,0
B1145,4.5,6360,2,0,31.8,28.3,5,917.57,0
B1146,3.6,1775,1,0,11.2,81.1,23,879.58,0
B1147,7.6,12218,2,0,70.1,8.2,6,577.38,0
B1148,8.1,12715,5,1,72.4,55.4,20,2825.39,0
B1149,5.2,2727,5,0,65.0,69.9,26,1694.67,1
B1150,9.0,3899,3,0,23.3,30.2,11,929.29,0
B1151,1.9,910,3,0,87.2,82.7,5,1733.8,1
B1152,8.9,14196,5,0,72.8,26.6,1,1215.96,0
B1153,1.4,1020,1,0,64.2,80.6,11,1133.6,1
B1154,2.0,2335,4,0,63.6,12.1,4,1797.15,0
B1155,5.6,5582,4,0,86.4,19.4,27,1451.8,0
B1156,1.1,1665,4,0,88.5,39.3,30,1990.36,1
B1157,1.0,1084,2,1,58.6,81.9,30,3643.04,1
B1158,0.5,550,4,0,42.5,18.0,28,2157.8,0
B1159,4.6,8210,4,0,37.7,83.8,18,1206.25,0
B1160,7.9,4820,5,0,78.7,25.7,10,1580.17,0
B1161,0.8,1250,1,0,63.0,45.7,14,1504.72,0
B1162,6.7,3165,4,0,12.0,36.7,8,1426.03,0
B1163,8.3,8870,5,1,17.8,15.6,26,2826.99,0
B1164,2.1,3446,2,0,86.0,90.0,14,1753.57,1
B1165,1.9,2529,4,1,84.6,44.4,12,3431.05,0
B1166,8.7,11826,1,0,90.7,67.1,21,457.66,1
B1167,8.3,6380,4,0,43.5,56.8,12,1236.11,0
B1168,5.6,5522,4,0,75.6,50.2,11,1590.49,0
B1169,8.3,7580,1,0,79.5,60.5,7,811.33,0
B1170,1.4,1582,1,0,33.4,85.9,3,1440.63,0
B1171,4.2,4398,4,1,18.1,67.9,2,3248.5,0
B1172,7.5,6432,2,1,94.7,52.9,13,2733.62,1
B1173,2.9,2400,3,1,7.7,63.1,30,3198.9,0
B1174,7.6,5709,1,0,58.8,59.6,8,656.17,0
B1175,5.3,4829,5,1,63.5,44.0,20,3218.87,0
B1176,7.6,4635,3,0,66.4,61.2,10,912.96,0
B1177,4.9,7943,5,1,28.0,44.9,10,3405.46,0
B1178,4.0,4972,1,1,69.9,73.2,5,2757.1,1
B1179,2.6,1527,2,1,24.5,92.2,17,2840.76,0
B1180,2.5,3429,4,1,79.6,91.4,20,3629.14,1
B1181,7.6,12059,4,1,24.7,78.9,11,2648.73,0
B1182,1.6,1172,4,0,67.7,59.2,16,2223.18,1
B1183,1.3,794,5,1,75.5,72.4,15,3889.33,1
B1184,2.2,907,5,0,22.0,21.0,9,1961.54,0
B1185,2.2,1026,1,1,26.4,48.1,21,2993.86,0
B1186,8.3,12177,2,1,75.1,28.2,17,2121.27,0
B1187,4.3,7663,5,0,12.7,5.3,2,1990.02,0
B1188,9.9,4582,3,0,22.2,92.0,15,882.14,0
B1189,1.8,2605,5,0,46.0,82.7,12,2123.55,0
B1190,6.7,3354,3,0,88.7,51.2,24,1329.4,1
B1191,4.8,5899,1,0,55.6,27.9,10,706.14,0
B1192,4.2,6126,3,1,39.9,67.4,29,2845.17,0
B1193,8.8,7945,5,0,93.1,44.1,19,1399.15,1
B1194,9.8,4070,4,1,46.7,77.3,4,2628.96,0
B1195,8.8,10853,1,0,44.0,95.0,13,160.41,0
B1196,2.3,4112,2,0,42.0,36.4,27,1548.76,0
B1197,2.6,1978,5,0,33.1,27.0,8,2188.17,0
B1198,6.7,4457,5,1,34.3,29.1,22,3104.1,0
B1199,3.2,1835,4,0,66.9,13.4,24,1709.51,0
B1200,7.5,8830,1,0,8.7,40.5,21,379.93,0
